,name,price,avaliacao,estoque,category
0,It's Only the Himalayas,45.17,Two,In stock,travel
1,Full Moon over Noahâs ...,49.43,Four,In stock,travel
2,See America: A Celebration ...,48.87,Three,In stock,travel
3,Vagabonding: An Uncommon Guide ...,36.94,Two,In stock,travel
4,Under the Tuscan Sun,37.33,Three,In stock,travel
5,A Summer In Europe,44.34,Two,In stock,travel
6,The Great Railway Bazaar,30.54,One,In stock,travel
7,A Year in Provence ...,56.88,Four,In stock,travel
8,The Road to Little ...,23.21,One,In stock,travel
9,Neither Here nor There: ...,38.95,Three,In stock,travel
10,"1,000 Places to See ...",26.08,Five,In stock,travel
11,Sharp Objects,47.82,Four,In stock,mystery
12,"In a Dark, Dark ...",19.63,One,In stock,mystery
13,The Past Never Ends,56.50,Four,In stock,mystery
14,A Murder in Time,16.64,One,In stock,mystery
15,The Murder of Roger ...,44.10,Four,In stock,mystery
16,The Last Mile (Amos ...,54.21,Two,In stock,mystery
17,That Darkness (Gardiner and ...,13.92,One,In stock,mystery
18,Tastes Like Fear (DI ...,10.69,One,In stock,mystery
19,A Time of Torment ...,48.35,Five,In stock,mystery
20,A Study in Scarlet ...,16.73,Two,In stock,mystery
21,Poisonous (Max Revere Novels ...,26.80,Three,In stock,mystery
22,Murder at the 42nd ...,54.36,Four,In stock,mystery
23,Most Wanted,35.28,Three,In stock,mystery
24,Hide Away (Eve Duncan ...,11.84,One,In stock,mystery
25,Boar Island (Anna Pigeon ...,59.48,Three,In stock,mystery
26,The Widow,27.26,Two,In stock,mystery
27,Playing with Fire,13.71,Three,In stock,mystery
28,What Happened on Beale ...,25.37,Five,In stock,mystery
29,The Bachelor Girl's Guide ...,52.30,Five,In stock,mystery
30,Delivering the Truth (Quaker ...,20.89,Four,In stock,mystery
31,The Mysterious Affair at ...,24.80,Four,In stock,mystery
32,In the Woods (Dublin ...,38.38,Two,In stock,mystery
33,The Silkworm (Cormoran Strike ...,23.05,Five,In stock,mystery
34,The Exiled,43.45,Three,In stock,mystery
35,The Cuckoo's Calling (Cormoran ...,19.21,One,In stock,mystery
36,Extreme Prey (Lucas Davenport ...,25.40,Three,In stock,mystery
37,Career of Evil (Cormoran ...,24.72,Two,In stock,mystery
38,The No. 1 Ladies' ...,57.70,Four,In stock,mystery
39,The Girl You Lost,12.29,Five,In stock,mystery
40,The Girl In The ...,15.85,Three,In stock,mystery
41,Blood Defense (Samantha Brinkman ...,20.30,Three,In stock,mystery
42,1st to Die (Women's ...,53.98,One,In stock,mystery
43,Tipping the Velvet,53.74,One,In stock,historical-fiction
44,Forever and Forever: The ...,29.69,Three,In stock,historical-fiction
45,A Flight of Arrows ...,55.53,Five,In stock,historical-fiction
46,The House by the ...,36.95,One,In stock,historical-fiction
47,Mrs. Houdini,30.25,Five,In stock,historical-fiction
48,The Marriage of Opposites,28.08,Four,In stock,historical-fiction
49,Glory over Everything: Beyond ...,45.84,Three,In stock,historical-fiction
50,"Love, Lies and Spies",20.55,Two,In stock,historical-fiction
51,A Paris Apartment,39.01,Four,In stock,historical-fiction
52,Lilac Girls,17.28,Two,In stock,historical-fiction
53,The Constant Princess (The ...,16.62,Three,In stock,historical-fiction
54,The Invention of Wings,37.34,One,In stock,historical-fiction
55,World Without End (The ...,32.97,Four,In stock,historical-fiction
56,The Passion of Dolssa,28.32,Five,In stock,historical-fiction
57,Girl With a Pearl ...,26.77,One,In stock,historical-fiction
58,Voyager (Outlander #3),21.07,Five,In stock,historical-fiction
59,The Red Tent,35.66,Five,In stock,historical-fiction
60,The Last Painting of ...,55.55,Two,In stock,historical-fiction
61,The Guernsey Literary and ...,49.53,One,In stock,historical-fiction
62,Girl in the Blue ...,46.83,Two,In stock,historical-fiction
63,Between Shades of Gray,20.79,Five,In stock,historical-fiction
64,While You Were Mine,41.32,Five,In stock,historical-fiction
65,The Secret Healer,34.56,Three,In stock,historical-fiction
66,Starlark,25.83,Three,In stock,historical-fiction
67,Lost Among the Living,27.70,Four,In stock,historical-fiction
68,A Spy's Devotion (The ...,16.97,Five,In stock,historical-fiction
69,Scott Pilgrim's Precious Little ...,52.29,Five,In stock,sequential-art
70,Tsubasa: WoRLD CHRoNiCLE 2 ...,16.28,One,In stock,sequential-art
71,This One Summer,19.49,Four,In stock,sequential-art
72,The Nameless City (The ...,38.16,Four,In stock,sequential-art
73,"Saga, Volume 5 (Saga ...",51.04,Two,In stock,sequential-art
74,"Rat Queens, Vol. 3: ...",50.40,Three,In stock,sequential-art
75,"Princess Jellyfish 2-in-1 Omnibus, ...",13.61,Five,In stock,sequential-art
76,"Pop Gun War, Volume ...",18.97,One,In stock,sequential-art
77,Patience,10.16,Three,In stock,sequential-art
78,"Outcast, Vol. 1: A ...",15.44,Four,In stock,sequential-art
79,orange: The Complete Collection ...,48.41,One,In stock,sequential-art
80,"Lumberjanes, Vol. 2: Friendship ...",46.91,Two,In stock,sequential-art
81,"Lumberjanes, Vol. 1: Beware ...",45.61,Three,In stock,sequential-art
82,Lumberjanes Vol. 3: A ...,19.92,Two,In stock,sequential-art
83,"I Hate Fairyland, Vol. ...",29.17,Two,In stock,sequential-art
84,I am a Hero ...,54.63,Three,In stock,sequential-art
85,"Giant Days, Vol. 2 ...",22.11,Two,In stock,sequential-art
86,Danganronpa Volume 1,51.99,Four,In stock,sequential-art
87,"Codename Baboushka, Volume 1: ...",36.72,Four,In stock,sequential-art
88,Camp Midnight,17.08,Four,In stock,sequential-art
89,"Bitch Planet, Vol. 1: ...",37.92,Two,In stock,sequential-art
90,The Shadow Hero (The ...,33.14,One,In stock,sequential-art
91,"Fables, Vol. 1: Legends ...",41.62,Four,In stock,sequential-art
92,Batman: The Long Halloween ...,36.50,Two,In stock,sequential-art
93,Batman: The Dark Knight ...,15.38,Five,In stock,sequential-art
94,"Wonder Woman: Earth One, ...",37.34,Four,In stock,sequential-art
95,"We Are Robin, Vol. ...",53.90,One,In stock,sequential-art
96,Through the Woods,25.38,Two,In stock,sequential-art
97,Superman Vol. 1: Before ...,11.89,Five,In stock,sequential-art
98,"So Cute It Hurts!!, ...",35.43,Four,In stock,sequential-art
99,Robin War,47.82,Three,In stock,sequential-art
100,"Red Hood/Arsenal, Vol. 1: ...",25.48,Two,In stock,sequential-art
101,"Naruto (3-in-1 Edition), Vol. ...",38.39,Two,In stock,sequential-art
102,Lowriders to the Center ...,51.51,Two,In stock,sequential-art
103,El Deafo,57.62,Five,In stock,sequential-art
104,Batman: Europa,32.01,Two,In stock,sequential-art
105,Art Ops Vol. 1,48.80,Three,In stock,sequential-art
106,Adulthood Is a Myth: ...,10.90,Two,In stock,sequential-art
107,"Fruits Basket, Vol. 9 ...",33.95,Four,In stock,sequential-art
108,Roller Girl,14.10,Five,In stock,sequential-art
109,"Fruits Basket, Vol. 7 ...",19.57,One,In stock,sequential-art
110,"Fruits Basket, Vol. 6 ...",20.96,Four,In stock,sequential-art
111,"Death Note, Vol. 6: ...",36.39,Three,In stock,sequential-art
112,"Fruits Basket, Vol. 5 ...",16.33,One,In stock,sequential-art
113,"Death Note, Vol. 5: ...",52.41,One,In stock,sequential-art
114,The Demon Prince of ...,27.88,Two,In stock,sequential-art
115,"Fruits Basket, Vol. 4 ...",50.44,Four,In stock,sequential-art
116,The Wicked + The ...,14.41,Three,In stock,sequential-art
117,"The Sandman, Vol. 3: ...",55.55,Five,In stock,sequential-art
118,"Saga, Volume 3 (Saga ...",21.57,Five,In stock,sequential-art
119,Prodigy: The Graphic Novel ...,43.63,Three,In stock,sequential-art
120,Persepolis: The Story of ...,39.13,One,In stock,sequential-art
121,Original Fake,31.45,Three,In stock,sequential-art
122,"Grayson, Vol 3: Nemesis ...",42.72,One,In stock,sequential-art
123,"Fruits Basket, Vol. 3 ...",45.17,Two,In stock,sequential-art
124,"Black Butler, Vol. 1 ...",49.31,One,In stock,sequential-art
125,Awkward,38.02,Two,In stock,sequential-art
126,"The Sandman, Vol. 2: ...",54.81,One,In stock,sequential-art
127,"Saga, Volume 2 (Saga ...",11.75,Three,In stock,sequential-art
128,"Fruits Basket, Vol. 2 ...",11.64,Five,In stock,sequential-art
129,"Y: The Last Man, ...",18.51,Four,In stock,sequential-art
130,The Wicked + The ...,36.52,Two,In stock,sequential-art
131,"The Sandman, Vol. 1: ...",54.12,Three,In stock,sequential-art
132,The Complete Maus (Maus ...,10.64,Three,In stock,sequential-art
133,"Skip Beat!, Vol. 01 ...",42.12,Three,In stock,sequential-art
134,"Saga, Volume 1 (Saga ...",28.48,One,In stock,sequential-art
135,"Rat Queens, Vol. 1: ...",46.96,Five,In stock,sequential-art
136,"Paper Girls, Vol. 1 ...",21.71,Four,In stock,sequential-art
137,Ouran High School Host ...,29.87,Three,In stock,sequential-art
138,"Ms. Marvel, Vol. 1: ...",39.39,Four,In stock,sequential-art
139,"Hawkeye, Vol. 1: My ...",45.24,Three,In stock,sequential-art
140,"Giant Days, Vol. 1 ...",56.76,Four,In stock,sequential-art
141,"Fruits Basket, Vol. 1 ...",40.28,Five,In stock,sequential-art
142,"Bleach, Vol. 1: Strawberry ...",34.65,Five,In stock,sequential-art
143,"Ajin: Demi-Human, Volume 1 ...",57.06,Four,In stock,sequential-art
144,The Secret Garden,15.08,Four,In stock,classics
145,The Metamorphosis,28.58,One,In stock,classics
146,The Pilgrim's Progress,50.26,Two,In stock,classics
147,The Hound of the ...,14.82,Two,In stock,classics
148,Little Women (Little Women ...,28.07,Four,In stock,classics
149,Gone with the Wind,32.49,Three,In stock,classics
150,Candide,58.63,Three,In stock,classics
151,Animal Farm,57.22,Three,In stock,classics
152,Wuthering Heights,17.73,Three,In stock,classics
153,The Picture of Dorian ...,29.70,Two,In stock,classics
154,The Complete Stories and ...,26.78,Four,In stock,classics
155,Beowulf,38.35,Two,In stock,classics
156,And Then There Were ...,35.01,Two,In stock,classics
157,The Story of Hong ...,43.19,Four,In stock,classics
158,The Little Prince,45.42,Two,In stock,classics
159,Sense and Sensibility,37.46,One,In stock,classics
160,Of Mice and Men,47.11,Two,In stock,classics
161,Emma,32.93,Two,In stock,classics
162,Alice in Wonderland (Alice's ...,55.53,One,In stock,classics
163,Sophie's World,15.94,Five,In stock,philosophy
164,The Death of Humanity: ...,58.11,Four,In stock,philosophy
165,The Stranger,17.44,Four,In stock,philosophy
166,Proofs of God: Classical ...,54.21,One,In stock,philosophy
167,Kierkegaard: A Christian Missionary ...,47.13,One,In stock,philosophy
168,At The Existentialist CafÃ©: ...,29.93,Five,In stock,philosophy
169,Critique of Pure Reason,20.75,One,In stock,philosophy
170,"Run, Spot, Run: The ...",20.02,One,In stock,philosophy
171,The Nicomachean Ethics,36.34,One,In stock,philosophy
172,Meditations,25.89,Two,In stock,philosophy
173,Beyond Good and Evil,43.38,One,In stock,philosophy
174,Chase Me (Paris Nights ...,25.27,Five,In stock,romance
175,Black Dust,34.53,Five,In stock,romance
176,Her Backup Boyfriend (The ...,33.97,One,In stock,romance
177,First and First (Five ...,15.97,Four,In stock,romance
178,Fifty Shades Darker (Fifty ...,21.96,One,In stock,romance
179,The Wedding Dress,24.12,One,In stock,romance
180,Suddenly in Love (Lake ...,55.99,Two,In stock,romance
181,Something More Than This,16.24,Four,In stock,romance
182,Doing It Over (Most ...,35.61,Three,In stock,romance
183,The Wedding Pact (The ...,32.61,Three,In stock,romance
184,Hold Your Breath (Search ...,28.82,One,In stock,romance
185,Dirty (Dive Bar #1),40.83,Four,In stock,romance
186,Take Me Home Tonight ...,53.98,Three,In stock,romance
187,Off the Hook (Fishing ...,47.67,Three,In stock,romance
188,A Gentleman's Position (Society ...,14.75,Five,In stock,romance
189,"Sit, Stay, Love",20.90,Three,In stock,romance
190,A Girl's Guide to ...,31.30,One,In stock,romance
191,The Perfect Play (Play ...,59.99,Three,In stock,romance
192,Dark Lover (Black Dagger ...,12.87,One,In stock,romance
193,Changing the Game (Play ...,13.38,Three,In stock,romance
194,A Walk to Remember,56.43,One,In stock,romance
195,The Purest Hook (Second ...,12.25,One,In stock,romance
196,The Obsession,45.43,One,In stock,romance
197,Reservations for Two,11.10,Three,In stock,romance
198,Best of My Love ...,27.41,Two,In stock,romance
199,Where Lightning Strikes (Bleeding ...,39.77,Three,In stock,romance
200,This One Moment (Pushing ...,48.71,One,In stock,romance
201,"Rhythm, Chord & Malykhin",28.34,Two,In stock,romance
202,My Perfect Mistake (Over ...,38.92,Two,In stock,romance
203,Listen to Me (Fusion ...,58.99,Three,In stock,romance
204,Imperfect Harmony,34.74,Four,In stock,romance
205,Fighting Fate (Fighting #6),39.24,Three,In stock,romance
206,Deep Under (Walker Security ...,47.09,Five,In stock,romance
207,Charity's Cross (Charles Towne ...,41.24,One,In stock,romance
208,Bounty (Colorado Mountain #7),37.26,Four,In stock,romance
209,I Had a Nice ...,57.36,Four,In stock,womens-fiction
210,Will You Won't You ...,13.86,Three,In stock,womens-fiction
211,Keep Me Posted,20.46,Four,In stock,womens-fiction
212,Grey (Fifty Shades #4),48.49,Four,In stock,womens-fiction
213,Meternity,43.58,Three,In stock,womens-fiction
214,Some Women,13.73,Five,In stock,womens-fiction
215,Shopaholic Ties the Knot ...,48.39,Five,In stock,womens-fiction
216,Can You Keep a ...,21.94,One,In stock,womens-fiction
217,Twenties Girl,42.80,Two,In stock,womens-fiction
218,The Undomestic Goddess,45.75,Four,In stock,womens-fiction
219,The Nanny Diaries (Nanny ...,52.53,Five,In stock,womens-fiction
220,The Devil Wears Prada ...,44.29,One,In stock,womens-fiction
221,Something Borrowed (Darcy & ...,48.96,Five,In stock,womens-fiction
222,Something Blue (Darcy & ...,54.62,One,In stock,womens-fiction
223,I've Got Your Number,19.69,One,In stock,womens-fiction
224,The Edge of Reason ...,19.18,Four,In stock,womens-fiction
225,Bridget Jones's Diary (Bridget ...,29.82,One,In stock,womens-fiction
226,Soumission,50.10,One,In stock,fiction
227,Private Paris (Private #10),47.61,Five,In stock,fiction
228,"We Love You, Charlie ...",50.27,Five,In stock,fiction
229,Thirst,17.27,Five,In stock,fiction
230,The Murder That Never ...,54.11,Three,In stock,fiction
231,Tuesday Nights in 1980,21.04,Two,In stock,fiction
232,The Vacationers,42.15,Four,In stock,fiction
233,The Regional Office Is ...,51.36,Five,In stock,fiction
234,Finders Keepers (Bill Hodges ...,53.53,Five,In stock,fiction
235,The Time Keeper,27.88,Five,In stock,fiction
236,The Testament of Mary,52.67,Four,In stock,fiction
237,The First Hostage (J.B. ...,25.85,Three,In stock,fiction
238,Take Me with You,45.21,Three,In stock,fiction
239,Still Life with Bread ...,26.41,Three,In stock,fiction
240,Shtum,55.84,Four,In stock,fiction
241,My Name Is Lucy ...,41.56,One,In stock,fiction
242,My Mrs. Brown,24.48,Three,In stock,fiction
243,Mr. Mercedes (Bill Hodges ...,28.90,One,In stock,fiction
244,I Am Pilgrim (Pilgrim ...,10.60,Four,In stock,fiction
245,Eligible (The Austen Project ...,27.09,Three,In stock,fiction
246,Eight Hundred Grapes,14.39,Four,In stock,fiction
247,Dear Mr. Knightley,11.21,Five,In stock,fiction
248,Cometh the Hour (The ...,25.01,Three,In stock,fiction
249,Balloon Animals,17.03,Three,In stock,fiction
250,A Man Called Ove,39.72,One,In stock,fiction
251,The Silent Sister (Riley ...,46.29,Five,In stock,fiction
252,The Dinner Party,56.54,Two,In stock,fiction
253,The Improbability of Love,59.45,One,In stock,fiction
254,Mothering Sunday,13.34,Two,In stock,fiction
255,Lies and Other Acts ...,45.14,One,In stock,fiction
256,Daredevils,16.34,Three,In stock,fiction
257,11/22/63,48.48,Three,In stock,fiction
258,The Shack,28.03,One,In stock,fiction
259,The High Mountains of ...,51.15,One,In stock,fiction
260,Miller's Valley,58.54,Two,In stock,fiction
261,Hystopia: A Novel,21.96,Four,In stock,fiction
262,The Bourne Identity (Jason ...,42.78,Four,In stock,fiction
263,Sister Dear,40.20,Four,In stock,fiction
264,Memoirs of a Geisha,49.67,Three,In stock,fiction
265,Me Before You (Me ...,19.02,One,In stock,fiction
266,Deception Point,40.32,Four,In stock,fiction
267,The Little Paris Bookshop,24.73,Three,In stock,fiction
268,The Firm,45.56,Three,In stock,fiction
269,The Expatriates,44.58,Two,In stock,fiction
270,Siddhartha,34.22,Five,In stock,fiction
271,Last One Home (New ...,59.98,Three,In stock,fiction
272,Digital Fortress,58.00,Five,In stock,fiction
273,Atlas Shrugged,26.58,Five,In stock,fiction
274,Three-Martini Lunch,23.21,Three,In stock,fiction
275,The Nightingale,26.26,Four,In stock,fiction
276,The Infinities,27.41,One,In stock,fiction
277,The Husband's Secret,52.51,Five,In stock,fiction
278,The Da Vinci Code ...,22.96,Two,In stock,fiction
279,The Art of Fielding,22.10,One,In stock,fiction
280,Lila (Gilead #3),12.47,Three,In stock,fiction
281,Jurassic Park (Jurassic Park ...,44.97,One,In stock,fiction
282,Inferno (Robert Langdon #4),41.00,Five,In stock,fiction
283,Crazy Rich Asians (Crazy ...,49.13,Five,In stock,fiction
284,Big Little Lies,22.11,One,In stock,fiction
285,The Course of Love,16.78,Three,In stock,fiction
286,When I'm Gone,51.96,Three,In stock,fiction
287,The Silent Wife,12.34,Five,In stock,fiction
288,The Bette Davis Club,30.66,Three,In stock,fiction
289,Kitchens of the Great ...,57.20,Five,In stock,fiction
290,Bright Lines,39.07,Five,In stock,fiction
291,Birdsong: A Story in ...,54.64,Three,In stock,childrens
292,The Bear and the ...,36.89,One,In stock,childrens
293,The Secret of Dreadwillow ...,56.13,One,In stock,childrens
294,The White Cat and ...,58.08,Four,In stock,childrens
295,Little Red,13.47,Three,In stock,childrens
296,Walt Disney's Alice in ...,12.96,Five,In stock,childrens
297,Twenty Yawns,22.08,Two,In stock,childrens
298,Rain Fish,23.57,Three,In stock,childrens
299,Once Was a Time,18.28,Two,In stock,childrens
300,Luis Paints the World,53.95,Three,In stock,childrens
301,Nap-a-Roo,25.08,One,In stock,childrens
302,The Whale,35.96,Four,In stock,childrens
303,"Shrunken Treasures: Literary Classics, ...",52.87,Three,In stock,childrens
304,Raymie Nightingale,34.41,Two,In stock,childrens
305,Playing from the Heart,32.38,One,In stock,childrens
306,Maybe Something Beautiful: How ...,22.54,One,In stock,childrens
307,The Wild Robot,56.07,Three,In stock,childrens
308,The Thing About Jellyfish,48.77,One,In stock,childrens
309,The Lonely Ones,43.59,Five,In stock,childrens
310,The Day the Crayons ...,26.33,Five,In stock,childrens
311,The Cat in the ...,16.26,Two,In stock,childrens
312,Red: The True Story ...,28.54,Three,In stock,childrens
313,Horrible Bear!,37.52,Two,In stock,childrens
314,Green Eggs and Ham ...,10.79,Four,In stock,childrens
315,Counting Thyme,10.62,One,In stock,childrens
316,Are We There Yet?,10.66,Three,In stock,childrens
317,Diary of a Minecraft ...,52.88,Four,In stock,childrens
318,Matilda,28.34,One,In stock,childrens
319,Charlie and the Chocolate ...,22.85,Three,In stock,childrens
320,Don't Be a Jerk: ...,37.97,Two,In stock,religion
321,You Are What You ...,21.87,Four,In stock,religion
322,God: The Most Unpleasant ...,30.03,Five,In stock,religion
323,The Book of Mormon,24.57,Three,In stock,religion
324,A History of God: ...,27.62,One,In stock,religion
325,The Bhagavad Gita,57.49,Three,In stock,religion
326,Choosing Our Religion: The ...,28.42,Four,In stock,religion
327,Worlds Elsewhere: Journeys Around ...,40.30,Five,In stock,nonfiction
328,The Five Love Languages: ...,31.05,Three,In stock,nonfiction
329,Reasons to Stay Alive,26.41,Two,In stock,nonfiction
330,#HigherSelfie: Wake Up Your ...,23.11,Five,In stock,nonfiction
331,Unseen City: The Majesty ...,44.18,Four,In stock,nonfiction
332,Throwing Rocks at the ...,31.12,Three,In stock,nonfiction
333,The Life-Changing Magic of ...,16.77,Three,In stock,nonfiction
334,The Gutsy Girl: Escapades ...,37.13,One,In stock,nonfiction
335,The Electric Pencil: Drawings ...,56.06,One,In stock,nonfiction
336,Spark Joy: An Illustrated ...,41.83,Four,In stock,nonfiction
337,Reskilling America: Learning to ...,19.83,Two,In stock,nonfiction
338,In the Country We ...,22.00,Four,In stock,nonfiction
339,Everydata: The Misinformation Hidden ...,54.35,Two,In stock,nonfiction
340,Call the Nurse: True ...,29.14,Five,In stock,nonfiction
341,Algorithms to Live By: ...,30.81,One,In stock,nonfiction
342,The Power of Now: ...,43.54,Two,In stock,nonfiction
343,The Omnivore's Dilemma: A ...,38.21,Two,In stock,nonfiction
344,The Genius of Birds,17.24,One,In stock,nonfiction
345,The Artist's Way: A ...,38.49,Five,In stock,nonfiction
346,So You've Been Publicly ...,12.23,Two,In stock,nonfiction
347,Daring Greatly: How the ...,19.43,Three,In stock,nonfiction
348,Big Magic: Creative Living ...,30.80,Three,In stock,nonfiction
349,Becoming Wise: An Inquiry ...,27.43,Two,In stock,nonfiction
350,Agnostic: A Spirited Manifesto,12.51,Five,In stock,nonfiction
351,Whole Lotta Creativity Going ...,38.20,Four,In stock,nonfiction
352,What's It Like in ...,19.60,Two,In stock,nonfiction
353,The Year of Magical ...,43.04,Two,In stock,nonfiction
354,The Literature Book (Big ...,17.43,Three,In stock,nonfiction
355,The Bad-Ass Librarians of ...,15.77,One,In stock,nonfiction
356,Swell: A Year of ...,45.58,One,In stock,nonfiction
357,No Dream Is Too ...,21.95,Two,In stock,nonfiction
358,Looking for Lovely: Collecting ...,29.14,Five,In stock,nonfiction
359,Let It Out: A ...,26.79,Five,In stock,nonfiction
360,Hamilton: The Revolution,58.79,Three,In stock,nonfiction
361,Far & Away: Places ...,15.06,Four,In stock,nonfiction
362,Eaternity: More than 150 ...,51.75,Five,In stock,nonfiction
363,Buying In: The Secret ...,37.80,Four,In stock,nonfiction
364,Brain on Fire: My ...,49.32,Five,In stock,nonfiction
365,Abstract City,56.37,Five,In stock,nonfiction
366,13 Hours: The Inside ...,27.06,One,In stock,nonfiction
367,The Lonely City: Adventures ...,33.26,Two,In stock,nonfiction
368,The Diary of a ...,59.90,Three,In stock,nonfiction
369,Snatched: How A Drug ...,21.21,Three,In stock,nonfiction
370,Furiously Happy: A Funny ...,41.46,Four,In stock,nonfiction
371,The Sleep Revolution: Transforming ...,11.68,Four,In stock,nonfiction
372,"Mother, Can You Not?",16.89,Five,In stock,nonfiction
373,A Mother's Reckoning: Living ...,19.53,Three,In stock,nonfiction
374,10% Happier: How I ...,24.57,Two,In stock,nonfiction
375,Chernobyl 01:23:40: The Incredible ...,35.92,Two,In stock,nonfiction
376,Zero to One: Notes ...,34.06,Three,In stock,nonfiction
377,Why Not Me?,17.76,One,In stock,nonfiction
378,When Breath Becomes Air,39.36,Two,In stock,nonfiction
379,"The Midnight Assassin: Panic, ...",28.45,Four,In stock,nonfiction
380,Smarter Faster Better: The ...,38.89,Five,In stock,nonfiction
381,Rising Strong,21.82,Three,In stock,nonfiction
382,Man's Search for Meaning,29.48,Three,In stock,nonfiction
383,Love That Boy: What ...,25.06,Two,In stock,nonfiction
384,Living Forward: A Proven ...,12.55,Three,In stock,nonfiction
385,I Will Find You,44.21,One,In stock,nonfiction
386,Brazen: The Courage to ...,19.22,Two,In stock,nonfiction
387,Between the World and ...,56.91,Four,In stock,nonfiction
388,Being Mortal: Medicine and ...,55.06,Four,In stock,nonfiction
389,A Murder Over a ...,13.20,Three,In stock,nonfiction
390,For the Love: Fighting ...,45.13,Three,In stock,nonfiction
391,Finding God in the ...,46.64,Two,In stock,nonfiction
392,The Man Who Mistook ...,59.45,Four,In stock,nonfiction
393,In Cold Blood,49.98,Four,In stock,nonfiction
394,"Girl, Interrupted",42.14,Three,In stock,nonfiction
395,Why Save the Bankers?: ...,48.67,Two,In stock,nonfiction
396,Talking to Girls About ...,25.15,Four,In stock,nonfiction
397,My Mother Was Nuts,31.63,Four,In stock,nonfiction
398,"Data, A Love Story: ...",32.35,Three,In stock,nonfiction
399,The Jazz of Physics: ...,38.71,Three,In stock,nonfiction
400,The Gunning of America: ...,16.81,Four,In stock,nonfiction
401,The Geography of Bliss: ...,28.23,Two,In stock,nonfiction
402,God Is Not Great: ...,27.80,One,In stock,nonfiction
403,We the People: The ...,31.95,Three,In stock,nonfiction
404,Very Good Lives: The ...,50.66,Three,In stock,nonfiction
405,"Unstuffed: Decluttering Your Home, ...",58.09,One,In stock,nonfiction
406,Under the Banner of ...,30.00,One,In stock,nonfiction
407,Trespassing Across America: One ...,53.51,One,In stock,nonfiction
408,The Name of God ...,37.25,Two,In stock,nonfiction
409,Stiff: The Curious Lives ...,36.74,Three,In stock,nonfiction
410,Spilled Milk: Based on ...,49.51,One,In stock,nonfiction
411,Rise of the Rocket ...,41.67,Four,In stock,nonfiction
412,Outliers: The Story of ...,14.16,One,In stock,nonfiction
413,Notes from a Small ...,40.17,One,In stock,nonfiction
414,Night (The Night Trilogy ...,13.51,One,In stock,nonfiction
415,Miracles from Heaven: A ...,57.83,One,In stock,nonfiction
416,Letter to a Christian ...,22.20,One,In stock,nonfiction
417,Let's Pretend This Never ...,45.11,One,In stock,nonfiction
418,It's Never Too Late ...,42.38,One,In stock,nonfiction
419,Into the Wild,56.70,Five,In stock,nonfiction
420,In the Garden of ...,28.85,Three,In stock,nonfiction
421,I Am Malala: The ...,28.88,Two,In stock,nonfiction
422,Gratitude,26.66,Five,In stock,nonfiction
423,Disrupted: My Misadventure in ...,15.28,Five,In stock,nonfiction
424,Brave Enough,51.32,Five,In stock,nonfiction
425,Born to Run: A ...,27.35,Two,In stock,nonfiction
426,Blink: The Power of ...,21.74,Five,In stock,nonfiction
427,Black Flags: The Rise ...,40.87,One,In stock,nonfiction
428,Are We Smart Enough ...,56.58,One,In stock,nonfiction
429,A Walk in the ...,30.48,Four,In stock,nonfiction
430,The Suffragettes (Little Black ...,11.89,Two,In stock,nonfiction
431,Kindle Paperwhite User's Guide,34.00,Three,In stock,nonfiction
432,H is for Hawk,57.42,Five,In stock,nonfiction
433,Travels with Charley: In ...,57.82,Five,In stock,nonfiction
434,The Tumor,41.56,Five,In stock,nonfiction
435,The End of the ...,14.40,One,In stock,nonfiction
436,"Eat, Pray, Love",51.32,Three,In stock,nonfiction
437,Rip it Up and ...,35.02,Five,In stock,music
438,Our Band Could Be ...,57.25,Three,In stock,music
439,How Music Works,37.32,Two,In stock,music
440,Love Is a Mix ...,18.03,One,In stock,music
441,Please Kill Me: The ...,31.19,Four,In stock,music
442,Kill 'Em and Leave: ...,45.05,Five,In stock,music
443,"Chronicles, Vol. 1",52.60,Two,In stock,music
444,This Is Your Brain ...,38.40,One,In stock,music
445,Orchestra of Exiles: The ...,12.36,Three,In stock,music
446,No One Here Gets ...,20.02,Five,In stock,music
447,Life,31.58,Five,In stock,music
448,Old Records Never Die: ...,55.66,Two,In stock,music
449,Forever Rockers (The Rocker ...,28.80,Three,In stock,music
450,The Coming Woman: A ...,17.93,Three,In stock,default
451,The Boys in the ...,22.60,Four,In stock,default
452,Starving Hearts (Triangular Trade ...,13.99,Two,In stock,default
453,America's Cradle of Quarterbacks: ...,22.50,Three,In stock,default
454,Aladdin and His Wonderful ...,53.13,Three,In stock,default
455,Penny Maybe,33.29,Three,In stock,default
456,Maude (1883-1993):She Grew Up ...,18.02,Two,In stock,default
457,The Inefficiency Assassin: Time ...,20.59,Five,In stock,default
458,Soul Reader,39.58,Two,In stock,default
459,Bossypants,49.46,Two,In stock,default
460,A World of Flavor: ...,42.95,One,In stock,default
461,"A Piece of Sky, ...",56.76,Five,In stock,default
462,Tracing Numbers on a ...,41.60,Three,In stock,default
463,Thirteen Reasons Why,52.72,One,In stock,default
464,The Secret (The Secret ...,27.37,Four,In stock,default
465,The Psychopath Test: A ...,36.00,Two,In stock,default
466,The Kite Runner,41.82,Four,In stock,default
467,The Girl on the ...,55.02,Two,In stock,default
468,The Emerald Mystery,23.15,Two,In stock,default
469,The Bridge to Consciousness: ...,32.00,Three,In stock,default
470,The Art of War,33.34,Five,In stock,default
471,Secrets and Lace (Fatal ...,20.27,One,In stock,default
472,Romero and Juliet: A ...,36.94,One,In stock,default
473,Poses for Artists Volume ...,41.06,One,In stock,default
474,Miss Peregrineâs Home for ...,10.76,One,In stock,default
475,Large Print Heart of ...,19.15,Two,In stock,default
476,Grumbles,22.16,Two,In stock,default
477,First Steps for New ...,29.00,One,In stock,default
478,Eureka Trivia 6.0,54.59,Four,In stock,default
479,Drive: The Surprising Truth ...,34.95,Four,In stock,default
480,Done Rubbed Out (Reightman ...,37.72,Five,In stock,default
481,Beauty Restored (Riley Family ...,11.11,Two,In stock,default
482,Ayumi's Violin,15.48,Two,In stock,default
483,Anonymous,46.82,Four,In stock,default
484,Amy Meets the Saints ...,18.46,Three,In stock,default
485,Amatus,50.54,Five,In stock,default
486,V for Vendetta (V ...,37.10,Four,In stock,default
487,Unbroken: A World War ...,45.95,Two,In stock,default
488,The Wright Brothers,56.80,Four,In stock,default
489,The Songs of the ...,44.48,Five,In stock,default
490,The Rosie Project (Don ...,54.04,One,In stock,default
491,The Power of Habit: ...,16.88,Three,In stock,default
492,Steve Jobs,39.50,Five,In stock,default
493,Luckiest Girl Alive,49.83,Three,In stock,default
494,Living Leadership by Insight: ...,46.91,Four,In stock,default
495,Lady Midnight (The Dark ...,16.28,Five,In stock,default
496,"Hush, Hush (Hush, Hush ...",47.02,Three,In stock,default
497,Greek Mythic History,10.23,Five,In stock,default
498,Every Last Word,46.47,Three,In stock,default
499,Daily Fantasy Sports,36.58,One,In stock,default
500,Clockwork Angel (The Infernal ...,44.14,One,In stock,default
501,City of Fallen Angels ...,11.23,Four,In stock,default
502,City of Bones (The ...,43.28,One,In stock,default
503,City of Ashes (The ...,47.27,One,In stock,default
504,"Carry On, Warrior: Thoughts ...",31.85,Three,In stock,default
505,Carrie,46.23,Two,In stock,default
506,Angels & Demons (Robert ...,51.48,Three,In stock,default
507,"The Three Searches, Meaning, ...",13.33,Three,In stock,default
508,Raspberry Pi Electronics Projects ...,49.67,Four,In stock,default
509,How to Speak Golf: ...,58.32,Five,In stock,default
510,Eleanor & Park,56.51,Five,In stock,default
511,Troublemaker: Surviving Hollywood and ...,48.39,Two,In stock,default
512,Adultery,20.88,Five,In stock,default
513,Unlimited Intuition Now,58.87,Four,In stock,default
514,Underlying Notes,11.82,Two,In stock,default
515,The New Brand You: ...,44.05,Five,In stock,default
516,The Flowers Lied,16.68,Two,In stock,default
517,NaNo What Now? Finding ...,10.41,Four,In stock,default
518,Modern Day Fables,47.44,Two,In stock,default
519,The Unlikely Pilgrimage of ...,43.62,Five,In stock,default
520,The Martian (The Martian ...,41.39,Two,In stock,default
521,Left Behind (Left Behind ...,40.72,Two,In stock,default
522,John Vassos: Industrial Design ...,20.22,Four,In stock,default
523,I'll Give You the ...,56.48,One,In stock,default
524,Heaven is for Real: ...,52.86,Two,In stock,default
525,Ender's Game (The Ender ...,43.64,One,In stock,default
526,Death by Leisure: A ...,37.51,Four,In stock,default
527,Wildlife of New York: ...,22.14,Two,In stock,default
528,The Year of Living ...,34.72,One,In stock,default
529,The Great Gatsby,36.05,Four,In stock,default
530,The Good Girl,49.03,Three,In stock,default
531,The 7 Habits of ...,33.17,Four,In stock,default
532,Steal Like an Artist: ...,20.90,Two,In stock,default
533,Life of Pi,13.22,Four,In stock,default
534,The Sound Of Love,57.84,Five,In stock,default
535,The Perks of Being ...,55.02,Three,In stock,default
536,The Makings of a ...,31.58,Two,In stock,default
537,The Hobbit (Middle-Earth Universe),17.80,Five,In stock,default
538,The Fellowship of the ...,10.27,Two,In stock,default
539,Ship Leaves Harbor: Essays ...,30.60,Three,In stock,default
540,Musicophilia: Tales of Music ...,46.58,One,In stock,default
541,What If?: Serious Scientific ...,53.68,Four,In stock,default
542,The Fault in Our ...,47.22,One,In stock,default
543,The Dream Thieves (The ...,34.50,One,In stock,default
544,The 5th Wave (The ...,11.83,Two,In stock,default
545,Shiver (The Wolves of ...,16.23,Five,In stock,default
546,Remember Me?,11.48,Three,In stock,default
547,If I Stay (If ...,38.13,Five,In stock,default
548,I Know Why the ...,36.55,Two,In stock,default
549,Harry Potter and the ...,23.32,One,In stock,default
550,Fool Me Once,16.96,One,In stock,default
551,Drama,38.70,Two,In stock,default
552,"Blue Lily, Lily Blue ...",34.13,Five,In stock,default
553,Alight (The Generations Trilogy ...,58.59,Four,In stock,default
554,Vogue Colors A to ...,52.35,Four,In stock,default
555,The Shining (The Shining ...,27.88,Three,In stock,default
556,The Hunger Games (The ...,29.85,Five,In stock,default
557,Outlander (Outlander #1),19.67,Five,In stock,default
558,Mockingjay (The Hunger Games ...,20.44,Four,In stock,default
559,Harry Potter and the ...,13.90,Three,In stock,default
560,Confessions of a Shopaholic ...,48.94,Two,In stock,default
561,Zero History (Blue Ant ...,34.77,One,In stock,default
562,World War Z: An ...,21.80,One,In stock,default
563,Wild: From Lost to ...,46.02,Three,In stock,default
564,"Where'd You Go, Bernadette",18.13,One,In stock,default
565,Twilight (Twilight #1),41.93,Two,In stock,default
566,The Paris Wife,36.80,Three,In stock,default
567,The Maze Runner (The ...,20.93,One,In stock,default
568,The Lover's Dictionary,58.09,Two,In stock,default
569,The Goldfinch,43.58,Three,In stock,default
570,The Giver (The Giver ...,12.30,One,In stock,default
571,The Girl Who Played ...,22.14,Two,In stock,default
572,The Demon-Haunted World: Science ...,52.25,Four,In stock,default
573,The Book Thief,53.49,Two,In stock,default
574,The Autobiography of Malcolm ...,23.43,Two,In stock,default
575,Shopaholic & Baby (Shopaholic ...,46.45,Two,In stock,default
576,Quiet: The Power of ...,43.55,One,In stock,default
577,Packing for Mars: The ...,56.68,Two,In stock,default
578,Orange Is the New ...,24.61,Two,In stock,default
579,One for the Money ...,32.87,Two,In stock,default
580,Morning Star (Red Rising ...,29.40,One,In stock,default
581,Life After Life,26.13,Two,In stock,default
582,"Lean In: Women, Work, ...",25.02,One,In stock,default
583,Is Everyone Hanging Out ...,20.11,Three,In stock,default
584,Gone Girl,37.60,Five,In stock,default
585,Fellside,38.62,One,In stock,default
586,Eclipse (Twilight #3),18.74,One,In stock,default
587,Dracula,52.62,Three,In stock,default
588,Dead Wake: The Last ...,39.24,Five,In stock,default
589,"David and Goliath: Underdogs, ...",17.81,One,In stock,default
590,Dark Places,23.90,Five,In stock,default
591,Breaking Dawn (Twilight #4),35.28,Five,In stock,default
592,Beautiful Creatures (Caster Chronicles ...,21.55,Five,In stock,default
593,A Visit from the ...,14.08,Five,In stock,default
594,The Zombie Room,19.69,Five,In stock,default
595,The Name of the ...,50.59,Three,In stock,default
596,Taking Shots (Assassins #1),18.88,Two,In stock,default
597,Shatter Me (Shatter Me ...,42.40,One,In stock,default
598,Paradise Lost (Paradise #1),24.96,One,In stock,default
599,On the Road (Duluoz ...,32.36,Three,In stock,default
600,Jane Eyre,38.43,Five,In stock,default
601,Frankenstein,38.00,Two,In stock,default
602,Mesaerion: The Best Science ...,37.59,One,In stock,science-fiction
603,Join,35.67,Five,In stock,science-fiction
604,William Shakespeare's Star Wars: ...,43.30,Four,In stock,science-fiction
605,The Project,10.65,One,In stock,science-fiction
606,Soft Apocalypse,26.12,Two,In stock,science-fiction
607,Sleeping Giants (Themis Files ...,48.74,One,In stock,science-fiction
608,Arena,21.36,Four,In stock,science-fiction
609,Foundation (Foundation (Publication Order) ...,32.42,One,In stock,science-fiction
610,The Restaurant at the ...,10.92,One,In stock,science-fiction
611,Ready Player One,19.07,Four,In stock,science-fiction
612,"Life, the Universe and ...",33.26,Two,In stock,science-fiction
613,Dune (Dune #1),54.86,One,In stock,science-fiction
614,Do Androids Dream of ...,51.48,One,In stock,science-fiction
615,Three Wishes (River of ...,44.18,Two,In stock,science-fiction
616,The Last Girl (The ...,36.26,Two,In stock,science-fiction
617,Having the Barbarian's Baby ...,34.96,Four,In stock,science-fiction
618,The Book of Basketball: ...,44.84,Five,In stock,sports-and-games
619,Friday Night Lights: A ...,51.22,Three,In stock,sports-and-games
620,Sugar Rush (Offensive Line ...,24.42,One,In stock,sports-and-games
621,Settling the Score (The ...,44.91,Two,In stock,sports-and-games
622,Icing (Aces Hockey #2),40.44,Four,In stock,sports-and-games
623,The Torch Is Passed: ...,19.09,One,In stock,add-a-comment
624,The Mindfulness and Acceptance ...,23.89,Four,In stock,add-a-comment
625,The Art Forger,40.76,Three,In stock,add-a-comment
626,On a Midnight Clear,14.07,Three,In stock,add-a-comment
627,Judo: Seven Steps to ...,53.90,Two,In stock,add-a-comment
628,"Shobu Samurai, Project Aryoku ...",29.06,Three,In stock,add-a-comment
629,Modern Romance,28.26,Five,In stock,add-a-comment
630,The White Queen (The ...,25.91,Five,In stock,add-a-comment
631,The Song of Achilles,37.40,Five,In stock,add-a-comment
632,The Immortal Life of ...,40.67,Two,In stock,add-a-comment
633,The Dovekeepers,48.78,One,In stock,add-a-comment
634,More Than Music (Chasing ...,37.61,Two,In stock,add-a-comment
635,Code Name Verity (Code ...,22.13,Four,In stock,add-a-comment
636,Cell,20.29,Four,In stock,add-a-comment
637,Angels Walking (Angels Walking ...,34.20,Two,In stock,add-a-comment
638,A Series of Catastrophes ...,56.48,Two,In stock,add-a-comment
639,A People's History of ...,40.79,Two,In stock,add-a-comment
640,A Brush of Wings ...,55.51,One,In stock,add-a-comment
641,Rook,37.86,Four,In stock,add-a-comment
642,The Midnight Watch: A ...,26.20,One,In stock,add-a-comment
643,The Gray Rhino: How ...,59.15,Four,In stock,add-a-comment
644,The Children,11.88,Three,In stock,add-a-comment
645,One with You (Crossfire ...,15.71,Four,In stock,add-a-comment
646,Without Shame,48.27,Five,In stock,add-a-comment
647,Watchmen,58.05,Four,In stock,add-a-comment
648,A Hero's Curse (The ...,50.49,Three,In stock,add-a-comment
649,23 Degrees South: A ...,35.79,Two,In stock,add-a-comment
650,The Glass Castle,16.24,One,In stock,add-a-comment
651,The Drowning Girls,35.67,Three,In stock,add-a-comment
652,Team of Rivals: The ...,20.12,Five,In stock,add-a-comment
653,John Adams,57.43,Four,In stock,add-a-comment
654,Good in Bed (Cannie ...,37.05,Five,In stock,add-a-comment
655,The Joy of Cooking,43.27,Four,In stock,add-a-comment
656,The Golden Compass (His ...,18.77,One,In stock,add-a-comment
657,The God Delusion,46.85,Three,In stock,add-a-comment
658,Pride and Prejudice,19.27,Four,In stock,add-a-comment
659,Mere Christianity,48.51,Three,In stock,add-a-comment
660,Fun Home: A Family ...,56.59,Four,In stock,add-a-comment
661,The Raven King (The ...,30.57,Two,In stock,add-a-comment
662,Find Her (Detective D.D. ...,22.37,One,In stock,add-a-comment
663,Evicted: Poverty and Profit ...,42.27,One,In stock,add-a-comment
664,A Game of Thrones ...,46.42,Two,In stock,add-a-comment
665,A Clash of Kings ...,10.79,Three,In stock,add-a-comment
666,The Tipping Point: How ...,10.02,Two,In stock,add-a-comment
667,The Rest Is Noise: ...,34.77,One,In stock,add-a-comment
668,The Purpose Driven Life: ...,37.19,Three,In stock,add-a-comment
669,The Hitchhiker's Guide to ...,47.80,Three,In stock,add-a-comment
670,The Girl Who Kicked ...,57.48,One,In stock,add-a-comment
671,The End of Faith: ...,22.13,Four,In stock,add-a-comment
672,The Complete Poems,41.32,Five,In stock,add-a-comment
673,The Catcher in the ...,24.55,One,In stock,add-a-comment
674,The Case for Christ ...,47.84,One,In stock,add-a-comment
675,The Blind Side: Evolution ...,53.71,Five,In stock,add-a-comment
676,Seven Days in the ...,52.33,Two,In stock,add-a-comment
677,Sarah's Key,46.29,One,In stock,add-a-comment
678,Rogue Lawyer (Rogue Lawyer ...,50.11,Three,In stock,add-a-comment
679,Manuscript Found in Accra,34.98,Two,In stock,add-a-comment
680,Fire Bound (Sea Haven/Sisters ...,21.28,Four,In stock,add-a-comment
681,Cosmos,36.17,Two,In stock,add-a-comment
682,#GIRLBOSS,50.96,One,In stock,add-a-comment
683,The Sense of an ...,31.38,Three,In stock,add-a-comment
684,The Republic,33.78,Three,In stock,add-a-comment
685,The Odyssey,29.64,Three,In stock,add-a-comment
686,The Light of the ...,54.43,One,In stock,add-a-comment
687,The Iliad,16.16,One,In stock,add-a-comment
688,The Communist Manifesto,14.76,Three,In stock,add-a-comment
689,Lord of the Flies,24.89,Three,In stock,add-a-comment
690,Unicorn Tracks,18.78,Three,In stock,fantasy
691,"Saga, Volume 6 (Saga ...",25.02,Three,In stock,fantasy
692,Princess Between Worlds (Wide-Awake ...,13.34,Five,In stock,fantasy
693,Masks and Shadows,56.40,Two,In stock,fantasy
694,Crown of Midnight (Throne ...,43.29,Three,In stock,fantasy
695,Avatar: The Last Airbender: ...,28.09,Two,In stock,fantasy
696,A Court of Thorns ...,52.37,One,In stock,fantasy
697,Throne of Glass (Throne ...,35.07,Three,In stock,fantasy
698,The Glittering Court (The ...,44.28,One,In stock,fantasy
699,Hollow City (Miss Peregrineâs ...,42.98,One,In stock,fantasy
700,The Star-Touched Queen,46.02,Five,In stock,fantasy
701,The Hidden Oracle (The ...,52.26,Two,In stock,fantasy
702,The Bane Chronicles (The ...,44.73,Four,In stock,fantasy
703,Island of Dragons (Unwanteds ...,29.65,One,In stock,fantasy
704,Demigods & Magicians: Percy ...,37.51,Five,In stock,fantasy
705,City of Glass (The ...,56.02,Four,In stock,fantasy
706,Searching for Meaning in ...,38.73,One,In stock,fantasy
707,The Star-Touched Queen,32.30,Five,In stock,fantasy
708,A Shard of Ice ...,56.63,Three,In stock,fantasy
709,King's Folly (The Kinsman ...,39.61,Five,In stock,fantasy
710,Every Heart a Doorway ...,12.16,Five,In stock,fantasy
711,A Gathering of Shadows ...,44.81,Four,In stock,fantasy
712,The Raven Boys (The ...,57.74,Four,In stock,fantasy
713,The False Prince (The ...,56.00,Five,In stock,fantasy
714,Tell the Wind and ...,45.51,Three,In stock,fantasy
715,A Feast for Crows ...,17.21,Four,In stock,fantasy
716,The Demonists (Demonist #1),52.11,Two,In stock,fantasy
717,The Beast (Black Dagger ...,46.08,Five,In stock,fantasy
718,Paper and Fire (The ...,49.45,Five,In stock,fantasy
719,Harry Potter and the ...,31.63,Four,In stock,fantasy
720,Harry Potter and the ...,48.75,Five,In stock,fantasy
721,Harry Potter and the ...,14.74,One,In stock,fantasy
722,The Rose & the ...,58.64,Four,In stock,fantasy
723,Soldier (Talon #3),24.72,Two,In stock,fantasy
724,Midnight Riot (Peter Grant/ ...,55.46,Two,In stock,fantasy
725,Heir to the Sky,44.07,Four,In stock,fantasy
726,Eragon (The Inheritance Cycle ...,43.87,Three,In stock,fantasy
727,Darkfever (Fever #1),56.02,One,In stock,fantasy
728,Ash,22.06,Four,In stock,fantasy
729,A Storm of Swords ...,31.22,Two,In stock,fantasy
730,Vampire Girl (Vampire Girl ...,53.82,Two,In stock,fantasy
731,The Silent Twin (Detective ...,36.25,Three,In stock,fantasy
732,The Mirror & the ...,29.38,One,In stock,fantasy
733,Sister Sable (The Mad ...,13.33,Three,In stock,fantasy
734,Shadow Rites (Jane Yellowrock ...,21.72,Four,In stock,fantasy
735,Origins (Alphas 0.5),28.99,One,In stock,fantasy
736,One Second (Seven #7),52.94,Two,In stock,fantasy
737,Myriad (Prentor #1),58.75,Four,In stock,fantasy
738,Without Borders (Wanderlove #1),45.07,Two,In stock,new-adult
739,The Mistake (Off-Campus #2),43.29,Three,In stock,new-adult
740,The Matchmaker's Playbook (Wingmen ...,55.85,One,In stock,new-adult
741,The Hook Up (Game ...,36.29,Five,In stock,new-adult
742,Shameless,58.35,Three,In stock,new-adult
743,Off Sides (Off #1),39.45,Five,In stock,new-adult
744,The Requiem Red,22.65,One,In stock,young-adult
745,Set Me Free,17.46,Five,In stock,young-adult
746,The Natural History of ...,45.22,Three,In stock,young-adult
747,Obsidian (Lux #1),14.86,Two,In stock,young-adult
748,Burning,28.81,Three,In stock,young-adult
749,A Fierce and Subtle ...,28.13,Four,In stock,young-adult
750,Scarlett Epstein Hates It ...,43.55,Five,In stock,young-adult
751,"Nightingale, Sing",38.28,One,In stock,young-adult
752,Library of Souls (Miss ...,48.56,Five,In stock,young-adult
753,Frostbite (Vampire Academy #2),29.99,Five,In stock,young-adult
754,Wild Swans,14.36,Two,In stock,young-adult
755,Until Friday Night (The ...,46.31,Two,In stock,young-adult
756,This Is Where It ...,27.12,Two,In stock,young-adult
757,The Darkest Lie,35.35,Five,In stock,young-adult
758,My Kind of Crazy,40.36,One,In stock,young-adult
759,Don't Get Caught,55.35,One,In stock,young-adult
760,Catching Jordan (Hundred Oaks),50.83,Three,In stock,young-adult
761,Aristotle and Dante Discover ...,58.14,Four,In stock,young-adult
762,The Epidemic (The Program ...,14.44,Five,In stock,young-adult
763,Stars Above (The Lunar ...,48.05,Two,In stock,young-adult
764,No Love Allowed (Dodge ...,54.65,Four,In stock,young-adult
765,"Exit, Pursued by a ...",51.34,Four,In stock,young-adult
766,The Alien Club,54.40,One,In stock,young-adult
767,Don't Forget Steven,33.23,One,In stock,young-adult
768,South of Sunshine,28.93,One,In stock,young-adult
769,My Life Next Door ...,36.39,Five,In stock,young-adult
770,Future Shock (Future Shock ...,55.65,Five,In stock,young-adult
771,Nightstruck: A Novel,50.35,Four,In stock,young-adult
772,Tell the Wolves I'm ...,50.96,Two,In stock,young-adult
773,"Will Grayson, Will Grayson ...",47.31,Four,In stock,young-adult
774,Where She Went (If ...,41.73,Four,In stock,young-adult
775,Two Summers,14.64,One,In stock,young-adult
776,The Darkest Corners,11.33,Five,In stock,young-adult
777,Tell Me Three Things,41.81,One,In stock,young-adult
778,Lola and the Boy ...,23.63,Four,In stock,young-adult
779,Kill the Boy Band,15.52,Five,In stock,young-adult
780,Isla and the Happily ...,48.13,Five,In stock,young-adult
781,An Abundance of Katherines,10.00,Five,In stock,young-adult
782,Harry Potter and the ...,24.17,Four,In stock,young-adult
783,Walk the Edge (Thunder ...,32.36,Three,In stock,young-adult
784,Two Boys Kissing,32.74,Two,In stock,young-adult
785,The New Guy (and ...,44.92,Three,In stock,young-adult
786,"The Land of 10,000 ...",29.64,Four,In stock,young-adult
787,Scarlet (The Lunar Chronicles ...,14.57,Four,In stock,young-adult
788,Legend (Legend #1),43.69,Four,In stock,young-adult
789,Lady Renegades (Rebel Belle ...,53.04,Five,In stock,young-adult
790,Golden (Heart of Dread ...,42.21,Four,In stock,young-adult
791,Cinder (The Lunar Chronicles ...,26.09,One,In stock,young-adult
792,Boy Meets Boy,21.12,Three,In stock,young-adult
793,Annie on My Mind,36.83,Five,In stock,young-adult
794,New Moon (Twilight #2),12.86,Four,In stock,young-adult
795,Girl Online On Tour ...,53.47,One,In stock,young-adult
796,The Haters,27.89,Five,In stock,young-adult
797,The Art of Not ...,40.83,Four,In stock,young-adult
798,The Most Perfect Thing: ...,42.96,Four,In stock,science
799,Immunity: How Elie Metchnikoff ...,57.36,Five,In stock,science
800,Sorting the Beef from ...,44.74,Four,In stock,science
801,Tipping Point for Planet ...,37.55,One,In stock,science
802,The Fabric of the ...,55.91,One,In stock,science
803,Diary of a Citizen ...,28.41,One,In stock,science
804,The Origin of Species,10.01,Four,In stock,science
805,The Grand Design,13.76,Three,In stock,science
806,Peak: Secrets from the ...,16.28,Two,In stock,science
807,"The Elegant Universe: Superstrings, ...",13.03,Four,In stock,science
808,The Disappearing Spoon: And ...,57.35,Five,In stock,science
809,"Surely You're Joking, Mr. ...",25.83,Two,In stock,science
810,Seven Brief Lessons on ...,30.60,Four,In stock,science
811,The Selfish Gene,29.45,One,In stock,science
812,A Light in the ...,51.77,Three,In stock,poetry
813,The Black Maria,52.15,One,In stock,poetry
814,Shakespeare's Sonnets,20.66,Four,In stock,poetry
815,Olio,23.88,One,In stock,poetry
816,You can't bury them ...,33.63,Two,In stock,poetry
817,Slow States of Collapse: ...,57.31,Three,In stock,poetry
818,Untitled Collection: Sabbath Poems ...,14.27,Four,In stock,poetry
819,Poems That Make Grown ...,14.19,Four,In stock,poetry
820,Night Sky with Exit ...,41.05,One,In stock,poetry
821,salt.,46.78,Four,In stock,poetry
822,Quarter Life Poetry: Poems ...,50.89,Five,In stock,poetry
823,Out of Print: City ...,53.64,Five,In stock,poetry
824,Les Fleurs du Mal,29.04,Five,In stock,poetry
825,Howl and Other Poems,40.45,Two,In stock,poetry
826,Leave This Song Behind: ...,51.17,Five,In stock,poetry
827,The Collected Poems of ...,15.42,Five,In stock,poetry
828,The Crossover,38.77,Four,In stock,poetry
829,Booked,17.49,Five,In stock,poetry
830,Twenty Love Poems and ...,30.95,Four,In stock,poetry
831,"Vampire Knight, Vol. 1 ...",15.40,One,In stock,paranormal
832,Wall and Piece,44.18,Four,In stock,art
833,Feathers: Displays of Brilliant ...,49.05,Three,In stock,art
834,Art and Fear: Observations ...,48.63,Four,In stock,art
835,The New Drawing on ...,43.02,Three,In stock,art
836,History of Beauty,10.29,Four,In stock,art
837,The Story of Art,41.14,Four,In stock,art
838,The Art Book,32.34,Two,In stock,art
839,Ways of Seeing,39.51,Five,In stock,art
840,The Lucifer Effect: Understanding ...,10.40,One,In stock,psychology
841,The Golden Condom: And ...,39.43,One,In stock,psychology
842,It Didn't Start with ...,56.27,Three,In stock,psychology
843,An Unquiet Mind: A ...,21.30,Three,In stock,psychology
844,"Thinking, Fast and Slow",21.14,One,In stock,psychology
845,Civilization and Its Discontents,59.95,Two,In stock,psychology
846,8 Keys to Mental ...,31.04,One,In stock,psychology
847,The Argonauts,10.93,Two,In stock,autobiography
848,M Train,27.18,One,In stock,autobiography
849,Lab Girl,40.85,One,In stock,autobiography
850,Approval Junkie: Adventures in ...,58.81,Five,In stock,autobiography
851,Running with Scissors,12.91,Four,In stock,autobiography
852,Me Talk Pretty One ...,57.60,Two,In stock,autobiography
853,Lust & Wonder,11.87,Two,In stock,autobiography
854,Life Without a Recipe,59.04,Five,In stock,autobiography
855,A Heartbreaking Work of ...,54.29,Five,In stock,autobiography
856,Catastrophic Happiness: Finding Joy ...,37.35,Two,In stock,parenting
857,Fifty Shades Freed (Fifty ...,15.36,Five,In stock,adult-fiction
858,The Long Haul (Diary ...,44.07,One,In stock,humor
859,Old School (Diary of ...,11.83,Five,In stock,humor
860,I Know What I'm ...,25.98,Four,In stock,humor
861,Hyperbole and a Half: ...,14.75,Five,In stock,humor
862,Dress Your Family in ...,43.68,Three,In stock,humor
863,Toddlers Are A**holes: It's ...,25.55,One,In stock,humor
864,When You Are Engulfed ...,30.89,Five,In stock,humor
865,Naked,31.69,Three,In stock,humor
866,Lamb: The Gospel According ...,55.50,Five,In stock,humor
867,Holidays on Ice,51.07,Two,In stock,humor
868,Security,39.25,Two,In stock,horror
869,Follow You Home,21.36,One,In stock,horror
870,The Loney,23.40,One,In stock,horror
871,Pet Sematary,10.56,Three,In stock,horror
872,Doctor Sleep (The Shining ...,40.12,Two,In stock,horror
873,Psycho: Sanitarium (Psycho #1.5),36.97,Five,In stock,horror
874,Can You Keep a ...,48.64,One,In stock,horror
875,Red Dragon (Hannibal Lecter ...,23.37,Three,In stock,horror
876,Dracula the Un-Dead,35.63,Five,In stock,horror
877,Night Shift (Night Shift ...,12.75,Four,In stock,horror
878,Needful Things,47.51,Four,In stock,horror
879,Misery,34.79,Two,In stock,horror
880,It,25.01,Three,In stock,horror
881,'Salem's Lot,49.56,Four,In stock,horror
882,The Stand,57.86,Two,In stock,horror
883,The Girl with All ...,49.47,Three,In stock,horror
884,House of Leaves,54.89,One,In stock,horror
885,Sapiens: A Brief History ...,54.23,Five,In stock,history
886,Unbound: How Eight Technologies ...,25.52,One,In stock,history
887,The Age of Genius: ...,19.73,One,In stock,history
888,"Political Suicide: Missteps, Peccadilloes, ...",36.28,Two,In stock,history
889,Thomas Jefferson and the ...,59.64,One,In stock,history
890,Zealot: The Life and ...,24.70,Three,In stock,history
891,A Distant Mirror: The ...,14.58,Three,In stock,history
892,1491: New Revelations of ...,21.80,Three,In stock,history
893,Brilliant Beacons: A History ...,11.45,Three,In stock,history
894,"""Most Blessed of the ...",44.48,Five,In stock,history
895,A Short History of ...,52.40,Five,In stock,history
896,The Rise and Fall ...,39.67,Two,In stock,history
897,Catherine the Great: Portrait ...,58.55,Four,In stock,history
898,The Mathews Men: Seven ...,42.91,Five,In stock,history
899,The Hiding Place,55.91,Four,In stock,history
900,America's War for the ...,51.22,Two,In stock,history
901,The Guns of August,14.54,Two,In stock,history
902,House of Lost Worlds: ...,43.70,Two,In stock,history
903,Foolproof Preserving: A Guide ...,30.52,Three,In stock,food-and-drink
904,The Pioneer Woman Cooks: ...,56.41,One,In stock,food-and-drink
905,My Paris Kitchen: Recipes ...,33.37,Two,In stock,food-and-drink
906,Mama Tried: Traditional Italian ...,14.02,Four,In stock,food-and-drink
907,"Layered: Baking, Building, and ...",40.11,One,In stock,food-and-drink
908,The Nerdy Nummies Cookbook: ...,37.34,Five,In stock,food-and-drink
909,The Love and Lemons ...,37.60,Two,In stock,food-and-drink
910,The Cookies & Cups ...,41.25,One,In stock,food-and-drink
911,Deliciously Ella Every Day: ...,42.16,Three,In stock,food-and-drink
912,The Help Yourself Cookbook ...,28.77,Three,In stock,food-and-drink
913,"It's All Easy: Healthy, ...",19.55,One,In stock,food-and-drink
914,Barefoot Contessa Back to ...,28.01,One,In stock,food-and-drink
915,Barefoot Contessa at Home: ...,50.62,Five,In stock,food-and-drink
916,My Kitchen Year: 136 ...,11.53,Two,In stock,food-and-drink
917,Everyday Italian: 125 Simple ...,20.10,Five,In stock,food-and-drink
918,A la Mode: 120 ...,38.77,One,In stock,food-and-drink
919,Cravings: Recipes for What ...,20.50,Three,In stock,food-and-drink
920,The Moosewood Cookbook: Recipes ...,12.34,Four,In stock,food-and-drink
921,32 Yolks,53.63,Two,In stock,food-and-drink
922,Naturally Lean: 125 Nourishing ...,11.38,Five,In stock,food-and-drink
923,How to Cook Everything ...,46.01,Four,In stock,food-and-drink
924,How to Be a ...,28.25,Two,In stock,food-and-drink
925,The Barefoot Contessa Cookbook,59.92,Five,In stock,food-and-drink
926,Better Homes and Gardens ...,39.61,Three,In stock,food-and-drink
927,The Power Greens Cookbook: ...,11.05,Five,In stock,food-and-drink
928,Mexican Today: New and ...,24.91,Five,In stock,food-and-drink
929,Vegan Vegetarian Omnivore: Dinner ...,13.66,Two,In stock,food-and-drink
930,The Smitten Kitchen Cookbook,23.59,One,In stock,food-and-drink
931,The Art of Simple ...,34.32,Three,In stock,food-and-drink
932,Hungry Girl Clean & ...,33.14,Three,In stock,food-and-drink
933,Redeeming Love,20.47,Five,In stock,christian-fiction
934,Close to You,49.46,Four,In stock,christian-fiction
935,Shadows of the Past ...,39.67,Five,In stock,christian-fiction
936,Like Never Before (Walker ...,28.77,Two,In stock,christian-fiction
937,Counted With the Stars ...,17.97,Five,In stock,christian-fiction
938,If I Run (If ...,49.97,Four,In stock,christian-fiction
939,The Dirty Little Secrets ...,33.34,Four,In stock,business
940,The Third Wave: An ...,12.61,Five,In stock,business
941,The 10% Entrepreneur: Live ...,27.55,Three,In stock,business
942,Shoe Dog: A Memoir ...,23.99,Two,In stock,business
943,Made to Stick: Why ...,38.85,Five,In stock,business
944,Quench Your Own Thirst: ...,43.14,One,In stock,business
945,The Art of Startup ...,21.00,Three,In stock,business
946,Born for This: How ...,21.59,Five,In stock,business
947,The E-Myth Revisited: Why ...,36.91,One,In stock,business
948,"Rich Dad, Poor Dad",51.74,One,In stock,business
949,The Lean Startup: How ...,33.92,Three,In stock,business
950,Rework,44.88,Two,In stock,business
951,Louisa: The Extraordinary Life ...,16.85,Two,In stock,biography
952,Setting the World on ...,21.15,Two,In stock,biography
953,The Faith of Christopher ...,39.55,One,In stock,biography
954,Benjamin Franklin: An American ...,48.19,Three,In stock,biography
955,The Rise of Theodore ...,42.57,Three,In stock,biography
956,In Her Wake,12.84,One,In stock,thriller
957,The Elephant Tree,23.82,Five,In stock,thriller
958,Behind Closed Doors,52.22,Four,In stock,thriller
959,You (You #1),43.61,Five,In stock,thriller
960,The Guilty (Will Robie ...,13.82,Two,In stock,thriller
961,The 14th Colony (Cotton ...,39.24,One,In stock,thriller
962,Give It Back,18.32,Two,In stock,thriller
963,Killing Floor (Jack Reacher ...,31.49,Four,In stock,thriller
964,The Bone Hunters (Lexy ...,59.71,Three,In stock,thriller
965,Far From True (Promise ...,34.93,Two,In stock,thriller
966,The Travelers,15.77,One,In stock,thriller
967,When We Collided,31.77,One,In stock,contemporary
968,Someone Like You (The ...,52.79,Five,In stock,contemporary
969,We Are All Completely ...,24.04,One,In stock,contemporary
970,The Four Agreements: A ...,17.66,Five,In stock,spirituality
971,The Activist's Tao Te ...,32.24,Five,In stock,spirituality
972,Chasing Heaven: What Dying ...,37.80,Two,In stock,spirituality
973,If I Gave You ...,20.91,One,In stock,spirituality
974,Unreasonable Hope: Finding Faith ...,46.33,Two,In stock,spirituality
975,A New Earth: Awakening ...,55.65,Five,In stock,spirituality
976,Logan Kade (Fallen Crest ...,13.12,Two,In stock,academic
977,Online Marketing for Busy ...,46.35,One,In stock,self-help
978,How to Be Miserable: ...,46.03,One,In stock,self-help
979,"Overload: How to Unplug, ...",52.15,Three,In stock,self-help
980,You Are a Badass: ...,12.08,Three,In stock,self-help
981,How to Stop Worrying ...,46.49,Five,In stock,self-help
982,All the Light We ...,29.87,Five,In stock,historical
983,The Girl You Left ...,15.79,One,In stock,historical
984,(Un)Qualified: How God Uses ...,54.00,Five,In stock,christian
985,Crazy Love: Overwhelmed by ...,47.72,Two,In stock,christian
986,Blue Like Jazz: Nonreligious ...,25.77,One,In stock,christian
987,Silence in the Dark ...,58.33,Three,In stock,suspense
988,The Grownup,35.88,One,In stock,short-stories
989,Suzie Snowflake: One beautiful ...,54.81,Five,In stock,novels
990,The Bulletproof Diet: Lose ...,49.05,Three,In stock,health
991,"Eat Fat, Get Thin",54.07,Two,In stock,health
992,10-Day Green Smoothie Cleanse: ...,49.71,Five,In stock,health
993,The Art and Science ...,52.98,Five,In stock,health
994,Libertarianism for Beginners,51.33,Two,In stock,politics
995,Why the Right Went ...,52.65,Four,In stock,politics
996,Equal Is Unfair: America's ...,56.86,One,In stock,politics
997,Amid the Chaos,36.58,One,In stock,cultural
998,Dark Notes,19.19,Five,In stock,erotica
999,The Long Shadow of ...,10.97,One,In stock,crime
